station_id, latitude, longitude, country
1155,-999.0,-999.0,[Missing]
1519,-999.0,-999.0,[Missing]
3022,-66.65,140.03333,Antarctica
5263,39.2,45.41667,Azerbaijan
5293,40.61667,47.15,Azerbaijan
5299,40.71667,46.41667,Azerbaijan
5307,41.21667,47.16667,Azerbaijan
5358,22.33333,89.6,Bangladesh
5360,22.41667,91.1,Bangladesh
5363,22.48333,91.43333,Bangladesh
5366,22.63333,91.7,Bangladesh
5373,22.86667,91.1,Bangladesh
5399,25.75,88.91667,Bangladesh
5824,-21.75,-45.0,Brazil
6016,-5.65,-35.65,Brazil
6078,-0.03333,-50.05,Brazil
6182,16.9,96.16667,Burma / Myanmar
6187,18.8,95.21667,Burma / Myanmar
6199,21.3,99.61667,Burma / Myanmar
6214,23.2,94.3,Burma / Myanmar
11456,22.98333,103.68333,China
12602,4.35,-74.41667,Colombia
12605,4.43333,-75.15,Colombia
12611,4.63333,-74.1,Colombia
12614,4.81667,-75.73333,Colombia
12618,4.96667,-75.7,Colombia
12630,6.16667,-67.5,Colombia
12647,7.06667,-70.73333,Colombia
13202,-3.26667,-79.96667,Ecuador
13205,-2.88333,-78.98333,Ecuador
13219,-1.78333,-79.53333,Ecuador
13261,-0.16667,-78.48333,Ecuador
13276,0.96667,-79.61667,Ecuador
13517,-16.98333,178.68333,Fiji
13975,49.16667,-2.78333,France
14933,11.16667,-14.66667,Guinea-Bissau
14935,11.86667,-15.6,Guinea-Bissau
14947,6.5,-58.25,Guyana
15138,19.85,75.4,India
15180,23.25,69.66667,India
15215,25.15,75.85,India
15241,26.75,80.88333,India
15286,-10.88333,122.83333,Indonesia
15289,-10.5,121.85,Indonesia
15293,-10.16667,123.6,Indonesia
15296,-8.75,115.16667,Indonesia
15301,-8.55,109.55,Indonesia
15303,-8.55,116.13333,Indonesia
15304,-8.55,116.7,Indonesia
15307,-8.46667,122.35,Indonesia
15308,-8.43333,117.41667,Indonesia
15310,-8.41667,125.56667,Indonesia
15312,-8.23333,112.71667,Indonesia
15315,-8.21667,124.56667,Indonesia
15317,-8.2,115.76667,Indonesia
15318,-8.16667,112.45,Indonesia
15319,-8.16667,113.33333,Indonesia
15321,-8.0,114.0,Indonesia
15324,-7.95,112.61667,Indonesia
15327,-7.88333,113.96667,Indonesia
15329,-7.8,110.4,Indonesia
15334,-7.76667,110.38333,Indonesia
15335,-7.75,112.58333,Indonesia
15337,-7.7,112.63333,Indonesia
15338,-7.7,112.93333,Indonesia
15339,-7.65,114.2,Indonesia
15340,-7.63333,112.81667,Indonesia
15343,-7.61667,110.91667,Indonesia
15344,-7.61667,111.51667,Indonesia
15345,-7.59167,110.46667,Indonesia
15347,-7.53333,112.83333,Indonesia
15349,-7.5,112.5,Indonesia
15350,-7.48333,101.23333,Indonesia
15351,-7.48333,108.58333,Indonesia
15352,-7.48333,109.31667,Indonesia
15353,-7.41667,109.4,Indonesia
15354,-7.38333,110.43333,Indonesia
15360,-7.23333,113.2,Indonesia
15363,-7.21667,112.75,Indonesia
15364,-7.11667,110.38333,Indonesia
15365,-7.10833,110.19167,Indonesia
15367,-7.01667,110.61667,Indonesia
15368,-6.98333,110.36667,Indonesia
15369,-6.98333,110.38333,Indonesia
15372,-6.95,110.41667,Indonesia
15374,-6.91667,107.6,Indonesia
15377,-6.88333,109.7,Indonesia
15379,-6.85,113.48333,Indonesia
15384,-6.71667,111.01667,Indonesia
15386,-6.7,106.93333,Indonesia
15387,-6.68333,108.55,Indonesia
15388,-6.66667,111.08333,Indonesia
15392,-6.5,106.75,Indonesia
15394,-6.46667,107.5,Indonesia
15395,-6.43333,110.8,Indonesia
15396,-6.35,107.5,Indonesia
15399,-6.26667,106.66667,Indonesia
15400,-6.26667,106.88333,Indonesia
15408,-6.11667,106.65,Indonesia
15414,-5.85,112.63333,Indonesia
15415,-5.68333,132.8,Indonesia
15418,-5.46667,122.61667,Indonesia
15420,-5.25,105.18333,Indonesia
15422,-5.13333,119.4,Indonesia
15429,-4.58333,129.91667,Indonesia
15430,-4.53333,136.86667,Indonesia
15434,-4.24167,119.24167,Indonesia
15435,-4.15,104.65,Indonesia
15440,-3.73333,120.33333,Indonesia
15445,-3.66667,103.76667,Indonesia
15446,-3.63333,133.71667,Indonesia
15447,-3.45,114.83333,Indonesia
15450,-3.38333,104.85,Indonesia
15452,-3.33333,117.56667,Indonesia
15454,-3.31667,102.88333,Indonesia
15455,-3.28333,116.21667,Indonesia
15456,-3.25,128.4,Indonesia
15457,-3.25,128.88333,Indonesia
15459,-3.08333,103.48333,Indonesia
15460,-3.01667,102.83333,Indonesia
15461,-3.0,107.75,Indonesia
15462,-2.96667,104.76667,Indonesia
15463,-2.95,106.45,Indonesia
15464,-2.9,132.25,Indonesia
15466,-2.88333,103.85,Indonesia
15467,-2.88333,140.71667,Indonesia
15470,-2.76667,101.36667,Indonesia
15472,-2.75,107.75,Indonesia
15474,-2.61667,120.28333,Indonesia
15475,-2.6,140.16667,Indonesia
15478,-2.5,140.48333,Indonesia
15479,-2.45,104.85,Indonesia
15481,-2.25,113.91667,Indonesia
15489,-1.5,103.25,Indonesia
15495,-0.93333,114.88333,Indonesia
15500,-0.88333,134.13333,Indonesia
15501,-0.83333,127.41667,Indonesia
15506,-0.56667,100.26667,Indonesia
15507,-0.48333,104.58333,Indonesia
15513,-0.01667,109.38333,Indonesia
15516,0.10833,102.45,Indonesia
15518,0.4,109.4,Indonesia
15519,0.46667,101.43333,Indonesia
15523,0.6,109.18333,Indonesia
15524,0.65,122.83333,Indonesia
15530,1.0,120.8,Indonesia
15539,1.55,124.91667,Indonesia
15546,2.83333,117.36667,Indonesia
15548,2.91667,99.08333,Indonesia
15551,3.56667,98.68333,Indonesia
15555,3.61667,98.8,Indonesia
15556,3.71667,125.36667,Indonesia
15566,-999.0,-999.0,Indonesia
15567,-999.0,-999.0,Indonesia
15568,-999.0,-999.0,Indonesia
15569,-999.0,-999.0,Indonesia
15570,-999.0,-999.0,Indonesia
15571,-999.0,-999.0,Indonesia
15572,-999.0,-999.0,Indonesia
15573,-999.0,-999.0,Indonesia
15574,-999.0,-999.0,Indonesia
15575,-999.0,-999.0,Indonesia
15576,-999.0,-999.0,Indonesia
15578,-999.0,-999.0,Indonesia
15579,-999.0,-999.0,Indonesia
15580,-999.0,-999.0,Indonesia
15581,-999.0,-999.0,Indonesia
15582,-999.0,-999.0,Indonesia
15583,-999.0,-999.0,Indonesia
15584,-999.0,-999.0,Indonesia
15585,-999.0,-999.0,Indonesia
15586,-999.0,-999.0,Indonesia
15587,-999.0,-999.0,Indonesia
15588,-999.0,-999.0,Indonesia
15589,-999.0,-999.0,Indonesia
15590,-999.0,-999.0,Indonesia
15591,-999.0,-999.0,Indonesia
15592,-999.0,-999.0,Indonesia
15593,-999.0,-999.0,Indonesia
15594,-999.0,-999.0,Indonesia
15595,-999.0,-999.0,Indonesia
15596,-999.0,-999.0,Indonesia
15597,-999.0,-999.0,Indonesia
15598,-999.0,-999.0,Indonesia
15599,-999.0,-999.0,Indonesia
15600,-999.0,-999.0,Indonesia
15601,-999.0,-999.0,Indonesia
15603,-999.0,-999.0,Indonesia
15604,-999.0,-999.0,Indonesia
15606,-999.0,-999.0,Indonesia
15608,-999.0,-999.0,Indonesia
15609,-999.0,-999.0,Indonesia
15610,-999.0,-999.0,Indonesia
15611,-999.0,-999.0,Indonesia
15612,-999.0,-999.0,Indonesia
15613,-999.0,-999.0,Indonesia
15615,-999.0,-999.0,Indonesia
15617,-999.0,-999.0,Indonesia
15618,-999.0,-999.0,Indonesia
15629,26.5,53.98333,Iran
15644,27.96667,57.7,Iran
15658,30.1,55.13333,Iran
15664,30.43333,50.76667,Iran
15665,30.55,49.15,Iran
15671,30.83333,51.68333,Iran
15677,31.71667,48.0,Iran
15679,31.93333,49.28333,Iran
15681,32.26667,48.41667,Iran
15686,32.43333,50.11667,Iran
15688,32.66667,51.86667,Iran
15690,32.68333,47.26667,Iran
15692,32.96667,50.36667,Iran
15693,33.4,49.68333,Iran
15697,33.48333,48.36667,Iran
15703,33.78333,55.08333,Iran
15707,34.13333,46.43333,Iran
15713,34.45,45.86667,Iran
15714,34.5,48.0,Iran
15717,34.71667,46.66667,Iran
15722,35.2,52.26667,Iran
15732,35.7,51.33333,Iran
15733,35.75,51.88333,Iran
15735,35.78333,51.61667,Iran
15736,35.88333,47.61667,Iran
15737,35.91667,50.9,Iran
15738,36.06667,46.91667,Iran
15751,36.65,51.5,Iran
15755,36.76667,45.71667,Iran
15758,37.06667,58.5,Iran
15765,37.46667,57.31667,Iran
15773,38.41667,48.86667,Iran
15776,38.75,45.66667,Iran
15778,39.33333,44.43333,Iran
15780,39.65,47.91667,Iran
16089,42.45,12.21667,Italy
16766,49.63333,63.5,Kazakhstan
16838,53.28333,69.38333,Kazakhstan
17516,-13.78333,33.78333,Malawi
17532,1.63333,103.66667,Malaysia
17573,6.2,100.4,Malaysia
17587,-0.68333,72.98333,Maldives
17590,4.18333,73.51667,Maldives
18182,44.41667,105.31667,Mongolia
18191,45.45,103.9,Mongolia
18195,45.8,112.7,Mongolia
18245,48.66667,118.08333,Mongolia
18254,48.91667,106.73333,Mongolia
18269,49.63333,100.16667,Mongolia
18282,71.5,115.66667,Mongolia
18363,-25.05,33.63333,Mozambique
18376,-19.11667,32.46667,Mozambique
18711,6.58333,3.33333,Nigeria
19212,24.46667,56.63333,Oman
19223,24.9,67.13333,Pakistan
19445,-25.71667,-56.6,Paraguay
19472,-22.36667,-54.31667,Paraguay
22319,24.91667,46.71667,Saudi Arabia
23805,13.78333,102.03333,Thailand
23860,16.31667,103.58333,Thailand
24779,25.61667,55.93333,United Arab Emirates
25605,20.9,-156.21667,United States
43683,65.0,-150.65,United States
43975,43.15,64.33333,Uzbekistan
44039,7.58333,-72.06667,Venezuela
44072,10.48333,-66.83333,Venezuela
44077,10.51667,-71.65,Venezuela
86051,-49.35,70.25,[Missing]
86052,-25.06667,-130.1,[Missing]
86053,-25.06667,-130.1,[Missing]
86054,42.36667,19.25,[Missing]
86055,42.55,21.91667,[Missing]
86056,43.33333,21.9,[Missing]
86057,43.7,20.7,[Missing]
86058,44.75,21.51667,[Missing]
86059,44.8,20.46667,[Missing]
86060,-54.83333,-68.31667,Argentina
86061,-51.61667,-69.28333,Argentina
86062,-45.78333,-67.5,Argentina
86063,-40.85,-63.01667,Argentina
86064,-38.95,-68.13333,Argentina
86065,-37.93333,-57.58333,Argentina
86066,-36.56667,-64.26667,Argentina
86067,-34.81667,-58.53333,Argentina
86068,-34.58333,-58.48333,Argentina
86069,-34.56667,-58.41667,Argentina
86070,-34.48333,-58.61667,Argentina
86071,-33.26667,-66.35,Argentina
86072,-32.91667,-60.78333,Argentina
86073,-32.83333,-68.78333,Argentina
86074,-31.78333,-60.48333,Argentina
86075,-31.7,-60.81667,Argentina
86076,-31.4,-68.41667,Argentina
86077,-31.31667,-64.21667,Argentina
86078,-29.38333,-66.81667,Argentina
86079,-28.6,-65.76667,Argentina
86080,-27.76667,-64.3,Argentina
86081,-27.45,-59.05,Argentina
86082,-27.45,-58.76667,Argentina
86083,-27.36667,-55.96667,Argentina
86084,-26.85,-65.1,Argentina
86085,-26.2,-58.23333,Argentina
86086,-24.85,-65.48333,Argentina
86087,-24.38333,-65.08333,Argentina
86088,40.2,44.5,Armenia
86089,40.56667,45.0,Armenia
86090,40.78333,43.83333,Armenia
86091,-68.58333,77.96667,Australia
86092,-67.6,62.86667,Australia
86093,-66.28333,110.53333,Australia
86094,-54.5,158.95,Australia
86095,-43.48333,147.13333,Australia
86096,-42.98333,147.08333,Australia
86097,-42.83333,147.5,Australia
86098,-41.9,146.66667,Australia
86099,-41.53333,147.2,Australia
86100,-41.06667,146.78333,Australia
86101,-40.98333,148.35,Australia
86102,-40.68333,144.68333,Australia
86103,-39.13333,146.41667,Australia
86104,-38.86667,143.51667,Australia
86105,-38.43333,141.53333,Australia
86106,-38.11667,147.13333,Australia
86107,-37.86667,144.76667,Australia
86108,-37.75,140.76667,Australia
86109,-37.68333,144.83333,Australia
86110,-37.68333,148.46667,Australia
86111,-37.16667,139.76667,Australia
86112,-36.5,148.3,Australia
86113,-36.33333,141.63333,Australia
86114,-35.93333,148.38333,Australia
86115,-35.91667,150.15,Australia
86116,-35.75,136.58333,Australia
86117,-35.56667,144.95,Australia
86118,-35.3,149.2,Australia
86119,-35.28333,138.88333,Australia
86120,-35.16667,147.46667,Australia
86121,-35.08333,150.8,Australia
86122,-34.95,138.51667,Australia
86123,-34.95,150.53333,Australia
86124,-34.93333,117.8,Australia
86125,-34.48333,139.0,Australia
86126,-34.36667,115.13333,Australia
86127,-34.23333,142.08333,Australia
86128,-33.96667,116.13333,Australia
86129,-33.93333,147.23333,Australia
86130,-33.93333,151.16667,Australia
86131,-33.83333,121.88333,Australia
86132,-33.76667,138.21667,Australia
86133,-33.6,150.78333,Australia
86134,-33.43333,149.56667,Australia
86135,-33.1,118.46667,Australia
86136,-33.06667,147.23333,Australia
86137,-32.78333,151.83333,Australia
86138,-32.66667,116.66667,Australia
86139,-32.21667,148.58333,Australia
86140,-32.13333,133.7,Australia
86141,-32.06667,150.93333,Australia
86142,-32.01667,115.5,Australia
86143,-31.98333,141.46667,Australia
86144,-31.93333,115.98333,Australia
86145,-31.9,152.48333,Australia
86146,-31.68333,128.88333,Australia
86147,-31.66667,117.25,Australia
86148,-31.53333,159.08333,Australia
86149,-31.48333,145.83333,Australia
86150,-31.43333,152.91667,Australia
86151,-31.16667,136.81667,Australia
86152,-31.03333,150.26667,Australia
86153,-30.85,128.11667,Australia
86154,-30.78333,121.45,Australia
86155,-30.71667,134.58333,Australia
86156,-30.31667,153.11667,Australia
86157,-30.28333,116.66667,Australia
86158,-29.78333,151.08333,Australia
86159,-29.65,138.06667,Australia
86160,-29.48333,149.85,Australia
86161,-29.43333,142.01667,Australia
86162,-29.43333,153.36667,Australia
86163,-29.03333,167.93333,Australia
86164,-28.8,114.7,Australia
86165,-28.05,148.58333,Australia
86166,-28.0,143.81667,Australia
86167,-27.63333,152.71667,Australia
86168,-27.56667,135.45,Australia
86169,-27.38333,153.13333,Australia
86170,-26.66667,150.18333,Australia
86171,-26.61667,118.53333,Australia
86172,-26.41667,146.26667,Australia
86173,-26.38333,153.03333,Australia
86174,-25.9,139.35,Australia
86175,-25.03333,128.3,Australia
86176,-24.88333,113.66667,Australia
86177,-23.86667,151.26667,Australia
86178,-23.8,133.88333,Australia
86179,-23.43333,144.28333,Australia
86180,-23.41667,119.8,Australia
86181,-23.38333,150.48333,Australia
86182,-22.38333,143.03333,Australia
86183,-22.23333,114.1,Australia
86184,-22.23333,118.33333,Australia
86185,-21.11667,149.21667,Australia
86186,-20.73333,143.13333,Australia
86187,-20.68333,139.48333,Australia
86188,-20.36667,118.63333,Australia
86189,-20.18333,130.01667,Australia
86190,-19.63333,134.18333,Australia
86191,-19.25,146.76667,Australia
86192,-18.28333,143.55,Australia
86193,-18.23333,127.66667,Australia
86194,-17.95,122.23333,Australia
86195,-17.73333,139.55,Australia
86196,-16.86667,145.75,Australia
86197,-16.28333,149.96667,Australia
86198,-14.51667,132.38333,Australia
86199,-14.3,126.63333,Australia
86200,-12.68333,141.91667,Australia
86201,-12.41667,130.88333,Australia
86202,-12.26667,136.81667,Australia
86203,-12.18333,96.83333,Australia
86204,-10.45,105.68333,Australia
86205,46.65,14.31667,Austria
86206,46.98333,15.45,Austria
86207,47.05,12.95,Austria
86208,47.26667,11.35,Austria
86209,47.8,13.0,Austria
86210,48.18333,15.61667,Austria
86211,48.25,16.35,Austria
86212,38.45,48.88333,Azerbaijan
86213,40.53333,50.0,Azerbaijan
86214,26.26667,50.65,Bahrain
86215,20.86667,92.3,Bangladesh
86216,21.43333,91.96667,Bangladesh
86217,21.81667,91.85,Bangladesh
86218,21.98333,90.23333,Bangladesh
86219,22.26667,91.81667,Bangladesh
86220,22.33333,90.33333,Bangladesh
86221,22.63333,92.15,Bangladesh
86222,22.68333,90.65,Bangladesh
86223,22.71667,90.36667,Bangladesh
86224,22.73333,89.08333,Bangladesh
86225,22.78333,89.53333,Bangladesh
86226,23.16667,90.18333,Bangladesh
86227,23.21667,89.21667,Bangladesh
86228,23.23333,90.7,Bangladesh
86229,23.43333,91.18333,Bangladesh
86230,23.6,89.85,Bangladesh
86231,23.65,88.81667,Bangladesh
86232,23.76667,90.38333,Bangladesh
86233,24.13333,89.05,Bangladesh
86234,24.25,89.93333,Bangladesh
86235,24.3,91.73333,Bangladesh
86236,24.36667,88.7,Bangladesh
86237,24.73333,90.4,Bangladesh
86238,24.85,89.36667,Bangladesh
86239,24.9,91.88333,Bangladesh
86240,25.65,88.68333,Bangladesh
86241,25.73333,89.23333,Bangladesh
86242,13.06667,-59.5,Barbados
86243,52.11667,23.68333,Belarus
86244,52.25,29.83333,Belarus
86245,53.93333,27.63333,Belarus
86246,50.23333,4.65,Belgium and Luxemborg
86247,50.8,4.35,Belgium and Luxemborg
86248,50.88333,4.51667,Belgium and Luxemborg
86249,51.16667,5.46667,Belgium and Luxemborg
86250,51.18333,2.86667,Belgium and Luxemborg
86251,6.35,2.38333,Benin
86252,7.16667,2.06667,Benin
86253,8.03333,2.46667,Benin
86254,9.35,2.61667,Benin
86255,10.31667,1.38333,Benin
86256,11.13333,2.93333,Benin
86257,43.35,17.8,Bosnia and Herzegovina
86258,43.86667,18.43333,Bosnia and Herzegovina
86259,-30.05,-51.16667,Brazil
86260,-23.5,-46.61667,Brazil
86261,-22.88333,-43.18333,Brazil
86262,-22.11667,-51.38333,Brazil
86263,-21.76667,-43.35,Brazil
86264,-21.73333,-41.31667,Brazil
86265,-20.75,-42.85,Brazil
86266,-20.43333,-54.71667,Brazil
86267,-20.3,-40.31667,Brazil
86268,-19.73333,-47.95,Brazil
86269,-19.46667,-44.25,Brazil
86270,-19.4,-40.06667,Brazil
86271,-19.01667,-57.65,Brazil
86272,-18.25,-43.6,Brazil
86273,-16.66667,-49.25,Brazil
86274,-16.05,-57.68333,Brazil
86275,-15.91667,-50.13333,Brazil
86276,-15.78333,-47.93333,Brazil
86277,-15.55,-56.11667,Brazil
86278,-12.01667,-48.53333,Brazil
86279,-8.76667,-63.91667,Brazil
86280,-8.05,-34.95,Brazil
86281,-5.35,-49.15,Brazil
86282,-5.08333,-42.81667,Brazil
86283,-3.11667,-59.95,Brazil
86284,42.06667,24.85,Bulgaria
86285,42.48333,27.48333,Bulgaria
86286,42.65,23.38333,Bulgaria
86287,43.2,23.53333,Bulgaria
86288,43.41667,24.63333,Bulgaria
86289,43.51667,26.51667,Bulgaria
86290,9.96667,98.58333,Burma / Myanmar
86291,14.1,98.21667,Burma / Myanmar
86292,16.76667,94.76667,Burma / Myanmar
86293,20.13333,92.88333,Burma / Myanmar
86294,21.98333,96.1,Burma / Myanmar
86295,25.36667,97.4,Burma / Myanmar
86296,43.03333,-81.15,Canada
86297,43.66667,-79.6,Canada
86298,43.66667,-79.4,Canada
86299,43.93333,-60.0,Canada
86300,44.63333,-63.5,Canada
86301,45.46667,-73.75,Canada
86302,45.86667,-66.53333,Canada
86303,45.88333,-82.56667,Canada
86304,46.16667,-60.05,Canada
86305,46.28333,-63.11667,Canada
86306,46.35,-79.41667,Canada
86307,46.36667,-75.95,Canada
86308,46.48333,-84.5,Canada
86309,46.76667,-56.15,Canada
86310,46.8,-71.38333,Canada
86311,47.01667,-65.46667,Canada
86312,47.41667,-61.78333,Canada
86313,47.61667,-52.73333,Canada
86314,48.33333,-71.0,Canada
86315,48.36667,-89.31667,Canada
86316,48.53333,-58.55,Canada
86317,48.63333,-123.41667,Canada
86318,48.93333,-54.56667,Canada
86319,49.18333,-123.18333,Canada
86320,49.21667,-102.96667,Canada
86321,49.41667,-82.46667,Canada
86322,49.63333,-112.8,Canada
86323,49.91667,-97.23333,Canada
86324,50.11667,-91.9,Canada
86325,50.18333,-61.81667,Canada
86326,50.21667,-66.26667,Canada
86327,50.26667,-107.73333,Canada
86328,50.43333,-104.66667,Canada
86329,50.66667,-127.36667,Canada
86330,50.7,-120.45,Canada
86331,51.11667,-114.01667,Canada
86332,51.26667,-80.65,Canada
86333,53.01667,-122.5,Canada
86334,53.21667,-105.66667,Canada
86335,53.31667,-113.58333,Canada
86336,53.31667,-60.41667,Canada
86337,53.56667,-113.51667,Canada
86338,53.7,-57.03333,Canada
86339,53.75,-73.66667,Canada
86340,53.88333,-122.66667,Canada
86341,53.96667,-101.1,Canada
86342,54.25,-133.05,Canada
86343,54.28333,-130.43333,Canada
86344,54.41667,-110.28333,Canada
86345,54.8,-66.81667,Canada
86346,55.15,-105.26667,Canada
86347,55.28333,-77.75,Canada
86348,55.8,-97.86667,Canada
86349,56.65,-111.21667,Canada
86350,56.86667,-101.08333,Canada
86351,58.1,-68.41667,Canada
86352,58.46667,-78.08333,Canada
86353,58.61667,-117.16667,Canada
86354,58.73333,-94.05,Canada
86355,58.83333,-122.58333,Canada
86356,60.01667,-111.96667,Canada
86357,60.11667,-128.81667,Canada
86358,60.7,-135.06667,Canada
86359,60.83333,-115.76667,Canada
86360,61.76667,-121.23333,Canada
86361,62.46667,-114.43333,Canada
86362,63.61667,-135.86667,Canada
86363,63.75,-68.55,Canada
86364,64.2,-83.36667,Canada
86365,64.3,-96.06667,Canada
86366,65.28333,-126.8,Canada
86367,66.15,-65.71667,Canada
86368,67.81667,-115.13333,Canada
86369,68.3,-133.48333,Canada
86370,68.76667,-81.23333,Canada
86371,69.1,-105.13333,Canada
86372,70.48333,-68.51667,Canada
86373,74.71667,-94.98333,Canada
86374,76.23333,-119.33333,Canada
86375,79.98333,-85.93333,Canada
86376,82.51667,-62.28333,Canada
86377,14.91667,-23.5,Cape Verde
86378,16.73333,-22.95,Cape Verde
86379,-53.0,-70.85,Chile
86380,-45.9,-71.71667,Chile
86381,-45.58333,-72.11667,Chile
86382,-41.43333,-73.11667,Chile
86383,-40.6,-73.06667,Chile
86384,-39.63333,-73.08333,Chile
86385,-38.75,-72.63333,Chile
86386,-36.76667,-73.05,Chile
86387,-36.56667,-72.03333,Chile
86388,-34.96667,-71.23333,Chile
86389,-33.66667,-78.98333,Chile
86390,-33.43333,-70.68333,Chile
86391,-33.38333,-70.75,Chile
86392,-29.9,-71.33333,Chile
86393,-23.43333,-70.43333,Chile
86394,-20.53333,-70.18333,Chile
86395,-18.33333,-70.33333,Chile
86396,22.16667,113.56667,China
86397,22.63333,108.21667,China
86398,23.13333,113.33333,China
86399,23.4,116.68333,China
86400,25.01667,98.5,China
86401,25.01667,102.68333,China
86402,25.85,114.95,China
86403,27.45,109.68333,China
86404,27.9,102.26667,China
86405,28.6,115.91667,China
86406,29.66667,91.13333,China
86407,30.66667,104.01667,China
86408,30.7,111.3,China
86409,31.15,97.16667,China
86410,34.3,108.93333,China
86411,34.71667,113.65,China
86412,36.05,103.88333,China
86413,36.06667,120.33333,China
86414,37.13333,79.93333,China
86415,37.78333,112.55,China
86416,38.48333,106.21667,China
86417,39.03333,88.16667,China
86418,39.46667,75.98333,China
86419,39.76667,98.48333,China
86420,39.8,116.46667,China
86421,41.73333,123.78333,China
86422,42.81667,93.51667,China
86423,42.88333,129.46667,China
86424,43.65,111.96667,China
86425,43.95,81.33333,China
86426,47.38333,123.91667,China
86427,47.73333,88.08333,China
86428,49.21667,119.75,China
86429,-4.15,-69.95,Colombia
86430,0.85,-77.68333,Colombia
86431,1.4,-77.28333,Colombia
86432,2.96667,-75.3,Colombia
86433,3.55,-76.38333,Colombia
86434,4.16667,-73.61667,Colombia
86435,4.55,-70.91667,Colombia
86436,4.71667,-74.15,Colombia
86437,6.21667,-75.58333,Colombia
86438,7.01667,-73.8,Colombia
86439,7.58333,-72.6,Colombia
86440,7.93333,-72.51667,Colombia
86441,10.45,-75.51667,Colombia
86442,10.88333,-74.78333,Colombia
86443,12.58333,-81.71667,Colombia
86444,-12.8,45.28333,Comoros
86445,-4.81667,11.9,Congo
86446,-4.25,15.25,Congo
86447,-4.2,12.7,Congo
86448,-4.0,13.95,Congo
86449,-3.48333,12.61667,Congo
86450,-2.61667,16.21667,Congo
86451,-2.53333,14.76667,Congo
86452,-1.9,15.85,Congo
86453,-0.01667,15.58333,Congo
86454,1.61667,16.06667,Congo
86455,1.61667,18.06667,Congo
86456,2.06667,14.05,Congo
86457,9.95,-83.01667,Costa Rica
86458,10.0,-84.2,Costa Rica
86459,10.6,-85.53333,Costa Rica
86460,4.41667,-7.36667,Cote D'Ivoire
86461,4.75,-6.65,Cote D'Ivoire
86462,4.95,-6.08333,Cote D'Ivoire
86463,5.25,-3.93333,Cote D'Ivoire
86464,5.3,-3.3,Cote D'Ivoire
86465,6.13333,-5.95,Cote D'Ivoire
86466,6.65,-4.7,Cote D'Ivoire
86467,6.86667,-6.46667,Cote D'Ivoire
86468,6.9,-5.35,Cote D'Ivoire
86469,7.4,-7.51667,Cote D'Ivoire
86470,7.73333,-5.06667,Cote D'Ivoire
86471,8.05,-2.78333,Cote D'Ivoire
86472,9.41667,-5.61667,Cote D'Ivoire
86473,9.5,-7.56667,Cote D'Ivoire
86474,43.51667,16.43333,Croatia
86475,45.81667,15.98333,Croatia
86476,34.71667,32.48333,Cyprus
86477,34.88333,33.63333,Cyprus
86478,35.15,33.4,Cyprus
86479,35.16667,33.35,Cyprus
86480,41.7,18.11667,Czech Republic
86481,49.16667,16.7,Czech Republic
86482,50.06667,12.38333,Czech Republic
86483,50.1,14.25,Czech Republic
86484,55.06667,14.75,Denmark
86485,55.68333,12.55,Denmark
86486,57.1,9.85,Denmark
86487,15.38333,-61.4,Dominica
86488,15.53333,-61.3,Dominica
86489,-4.03333,-79.2,Ecuador
86490,-2.55,-78.93333,Ecuador
86491,-2.15,-79.88333,Ecuador
86492,-1.5,-77.93333,Ecuador
86493,-1.1,-79.45,Ecuador
86494,-1.03333,-80.45,Ecuador
86495,-1.01667,-78.58333,Ecuador
86496,-0.91667,-75.41667,Ecuador
86497,-0.9,-89.6,Ecuador
86498,-0.43333,-79.58333,Ecuador
86499,-0.36667,-78.55,Ecuador
86500,-0.13333,-78.48333,Ecuador
86501,0.01667,-79.36667,Ecuador
86502,0.8,-77.7,Ecuador
86503,57.85,-27.01667,Estonia
86504,59.38333,24.58333,Estonia
86505,62.01667,-6.76667,Faroe Islands
86506,-20.66667,-178.71667,Fiji
86507,-19.05,178.16667,Fiji
86508,-18.03333,178.55,Fiji
86509,-17.75,177.43333,Fiji
86510,-16.13333,-179.98333,Fiji
86511,-12.5,177.05,Fiji
86512,60.33333,24.96667,Finland
86513,60.51667,22.28333,Finland
86514,60.81667,23.5,Finland
86515,62.4,25.68333,Finland
86516,64.28333,27.68333,Finland
86517,67.36667,26.63333,Finland
86518,41.91667,84.8,France
86519,42.73333,25.41667,France
86520,43.43333,51.6,France
86521,43.61667,12.45,France
86522,43.65,71.33333,France
86523,43.85,42.73333,France
86524,44.81667,-4.25,France
86525,45.71667,45.61667,France
86526,47.06667,22.33333,France
86527,47.15,-13.65,France
86528,47.26667,50.91667,France
86529,48.06667,-14.6,France
86530,48.43333,-42.76667,France
86531,48.53333,73.83333,France
86532,48.68333,61.53333,France
86533,48.96667,22.91667,France
86534,50.56667,30.91667,France
86535,3.13333,-54.03333,French Guiana [France]
86536,3.88333,-51.8,French Guiana [France]
86537,4.83333,-52.36667,French Guiana [France]
86538,5.2,-52.4,French Guiana [France]
86539,5.5,-54.03333,French Guiana [France]
86540,-17.55,-149.6,French Polynesia [France]
86541,41.68333,44.95,Georgia
86542,42.16667,42.41667,Georgia
86543,47.41667,10.98333,Germany
86544,47.8,11.01667,Germany
86545,48.36667,11.8,Germany
86546,48.68333,9.23333,Germany
86547,49.21667,7.11667,Germany
86548,49.5,11.08333,Germany
86549,49.75,6.66667,Germany
86550,49.98333,7.95,Germany
86551,50.05,8.6,Germany
86552,50.43333,12.95,Germany
86553,50.98333,10.96667,Germany
86554,51.13333,13.75,Germany
86555,51.16667,14.95,Germany
86556,51.3,9.45,Germany
86557,51.4,6.96667,Germany
86558,51.43333,12.41667,Germany
86559,51.8,10.61667,Germany
86560,52.1,11.58333,Germany
86561,52.21667,14.11667,Germany
86562,52.38333,13.06667,Germany
86563,52.46667,9.68333,Germany
86564,52.46667,13.3,Germany
86565,52.46667,13.4,Germany
86566,53.35,7.2,Germany
86567,53.63333,10.0,Germany
86568,54.1,13.4,Germany
86569,54.18333,12.08333,Germany
86570,54.53333,9.55,Germany
86571,35.33333,25.18333,Greece
86572,36.83333,21.71667,Greece
86573,37.06667,22.01667,Greece
86574,37.7,26.9,Greece
86575,37.78333,20.9,Greece
86576,37.9,23.73333,Greece
86577,37.96667,23.71667,Greece
86578,38.16667,21.41667,Greece
86579,39.61667,19.91667,Greece
86580,39.63333,22.41667,Greece
86581,39.91667,25.23333,Greece
86582,40.51667,22.96667,Greece
86583,64.16667,-51.75,Greenland [Denmark]
86584,65.6,-37.63333,Greenland [Denmark]
86585,68.7,-52.85,Greenland [Denmark]
86586,70.48333,-21.95,Greenland [Denmark]
86587,76.76667,-18.66667,Greenland [Denmark]
86588,16.25,-61.51667,Guadeloupe [France]
86589,11.58333,-15.48333,Guinea-Bissau
86590,11.86667,-15.6,Guinea-Bissau
86591,6.8,-58.13333,Guyana
86592,49.26667,-72.28333,Haiti
86593,46.0,18.23333,Hungary
86594,46.25,20.08333,Hungary
86595,47.43333,19.18333,Hungary
86596,47.48333,21.61667,Hungary
86597,47.51667,19.03333,Hungary
86598,48.1,20.76667,Hungary
86599,63.4,-20.28333,Iceland
86600,63.96667,-22.58333,Iceland
86601,64.13333,-21.9,Iceland
86602,64.31667,-15.21667,Iceland
86603,64.68333,-14.35,Iceland
86604,65.06667,-22.73333,Iceland
86605,65.68333,-18.1,Iceland
86606,66.53333,-18.01667,Iceland
86607,8.3,73.15,India
86608,8.48333,76.95,India
86609,9.26667,79.3,India
86610,10.23333,77.46667,India
86611,11.25,75.78333,India
86612,11.65,78.16667,India
86613,11.66667,92.71667,India
86614,12.96667,77.58333,India
86615,13.0,80.18333,India
86616,15.48333,73.81667,India
86617,16.2,81.15,India
86618,17.45,78.46667,India
86619,17.71667,83.23333,India
86620,18.53333,73.85,India
86621,18.76667,79.43333,India
86622,18.9,72.81667,India
86623,19.08333,82.03333,India
86624,19.11667,72.85,India
86625,20.46667,85.93333,India
86626,20.7,77.03333,India
86627,20.9,70.36667,India
86628,21.1,79.05,India
86629,22.36667,69.08333,India
86630,22.53333,88.33333,India
86631,22.65,88.45,India
86632,22.71667,75.8,India
86633,23.06667,72.63333,India
86634,23.85,78.75,India
86635,25.45,81.73333,India
86636,25.56667,91.88333,India
86637,26.1,91.58333,India
86638,26.81667,75.8,India
86639,27.48333,95.01667,India
86640,28.0,73.3,India
86641,28.58333,77.2,India
86642,29.16667,75.73333,India
86643,29.46667,79.65,India
86644,31.63333,74.86667,India
86645,-10.16667,123.66667,Indonesia
86646,-9.66667,120.33333,Indonesia
86647,-8.53333,116.06667,Indonesia
86648,-8.21667,114.38333,Indonesia
86649,-7.98333,131.3,Indonesia
86650,-7.73333,109.01667,Indonesia
86651,-7.05,113.96667,Indonesia
86652,-6.85,109.15,Indonesia
86653,-6.75,108.26667,Indonesia
86654,-6.23333,106.65,Indonesia
86655,-6.16667,106.81667,Indonesia
86656,-6.11667,106.13333,Indonesia
86657,-4.45,105.18333,Indonesia
86658,-4.06667,138.95,Indonesia
86659,-3.8,130.83333,Indonesia
86660,-3.7,128.08333,Indonesia
86661,-3.45,114.75,Indonesia
86662,-3.35,128.88333,Indonesia
86663,-3.33333,135.5,Indonesia
86664,-2.9,104.7,Indonesia
86665,-2.16667,106.13333,Indonesia
86666,-2.08333,126.0,Indonesia
86667,-1.63333,103.65,Indonesia
86668,-1.26667,116.9,Indonesia
86669,-1.18333,136.11667,Indonesia
86670,-0.88333,134.05,Indonesia
86671,0.91667,104.53333,Indonesia
86672,1.08333,109.66667,Indonesia
86673,1.53333,124.91667,Indonesia
86674,1.55,98.88333,Indonesia
86675,3.2,106.25,Indonesia
86676,25.28333,60.61667,Iran
86677,25.63333,57.76667,Iran
86678,26.58333,54.83333,Iran
86679,27.2,60.7,Iran
86680,27.21667,56.36667,Iran
86681,27.33333,62.33333,Iran
86682,28.95,50.85,Iran
86683,28.96667,53.68333,Iran
86684,28.98333,50.83333,Iran
86685,29.1,58.35,Iran
86686,29.23333,56.58333,Iran
86687,29.46667,55.68333,Iran
86688,29.46667,60.88333,Iran
86689,29.53333,52.6,Iran
86690,30.25,56.96667,Iran
86691,30.36667,48.25,Iran
86692,31.03333,61.48333,Iran
86693,31.18333,52.66667,Iran
86694,31.33333,48.66667,Iran
86695,31.9,54.28333,Iran
86696,32.28333,50.85,Iran
86697,32.4,48.38333,Iran
86698,32.61667,51.66667,Iran
86699,32.86667,59.2,Iran
86700,33.6,56.91667,Iran
86701,33.63333,46.43333,Iran
86702,33.98333,51.45,Iran
86703,34.1,49.76667,Iran
86704,34.28333,47.11667,Iran
86705,34.7,50.85,Iran
86706,34.86667,48.53333,Iran
86707,35.2,48.71667,Iran
86708,35.26667,59.21667,Iran
86709,35.33333,47.0,Iran
86710,35.58333,53.55,Iran
86711,35.68333,51.31667,Iran
86712,36.2,57.71667,Iran
86713,36.25,46.26667,Iran
86714,36.25,50.0,Iran
86715,36.26667,59.63333,Iran
86716,36.41667,54.95,Iran
86717,36.45,52.76667,Iran
86718,36.68333,48.48333,Iran
86719,36.71667,52.65,Iran
86720,36.85,54.26667,Iran
86721,36.9,50.66667,Iran
86722,37.2,49.65,Iran
86723,37.4,46.26667,Iran
86724,37.46667,49.46667,Iran
86725,37.53333,45.08333,Iran
86726,37.93333,47.53333,Iran
86727,38.08333,46.28333,Iran
86728,38.25,48.28333,Iran
86729,38.43333,47.06667,Iran
86730,38.55,44.96667,Iran
86731,51.83333,-8.48333,Ireland
86732,51.93333,-10.23333,Ireland
86733,52.25,-6.33333,Ireland
86734,52.65,-7.26667,Ireland
86735,52.68333,-8.91667,Ireland
86736,53.08333,-7.88333,Ireland
86737,53.3,-6.43333,Ireland
86738,53.53333,-7.35,Ireland
86739,54.18333,-7.23333,Ireland
86740,54.21667,-10.0,Ireland
86741,55.36667,-7.33333,Ireland
86742,29.55,34.95,Israel
86743,31.86667,35.21667,Israel
86744,32.0,34.81667,Israel
86745,36.68333,15.11667,Italy
86746,37.4,14.91667,Italy
86747,37.55,14.26667,Italy
86748,37.91667,12.5,Italy
86749,38.18333,15.55,Italy
86750,39.31667,16.38333,Italy
86751,39.35,8.96667,Italy
86752,39.81667,18.33333,Italy
86753,39.91667,9.7,Italy
86754,40.01667,15.26667,Italy
86755,40.43333,16.88333,Italy
86756,40.56667,8.15,Italy
86757,41.05,14.06667,Italy
86758,41.56667,14.65,Italy
86759,41.65,12.43333,Italy
86760,42.0,15.0,Italy
86761,42.73333,11.05,Italy
86762,43.68333,10.38333,Italy
86763,43.95,8.16667,Italy
86764,44.18333,10.7,Italy
86765,44.21667,12.3,Italy
86766,45.38333,10.86667,Italy
86767,45.5,8.66667,Italy
86768,45.65,13.76667,Italy
86769,45.68333,12.1,Italy
86770,45.93333,7.7,Italy
86771,45.96667,13.03333,Italy
86772,46.71667,12.21667,Italy
86773,46.75,10.53333,Italy
86774,24.3,153.96667,Japan
86775,24.33333,124.16667,Japan
86776,24.78333,125.28333,Japan
86777,25.83333,131.23333,Japan
86778,26.2,127.68333,Japan
86779,27.08333,142.18333,Japan
86780,28.38333,129.5,Japan
86781,30.73333,131.0,Japan
86782,31.55,130.55,Japan
86783,31.93333,131.41667,Japan
86784,32.7,128.83333,Japan
86785,32.71667,133.01667,Japan
86786,32.73333,129.86667,Japan
86787,33.1,139.78333,Japan
86788,33.23333,131.61667,Japan
86789,33.25,134.18333,Japan
86790,33.45,135.76667,Japan
86791,33.58333,130.38333,Japan
86792,33.83333,132.78333,Japan
86793,34.06667,136.2,Japan
86794,34.2,129.3,Japan
86795,34.31667,134.05,Japan
86796,34.6,138.21667,Japan
86797,34.68333,135.51667,Japan
86798,34.75,139.36667,Japan
86799,34.9,132.06667,Japan
86800,35.16667,136.96667,Japan
86801,35.45,133.06667,Japan
86802,35.45,135.31667,Japan
86803,35.68333,139.76667,Japan
86804,35.73333,140.85,Japan
86805,36.2,133.33333,Japan
86806,36.25,137.96667,Japan
86807,36.4,139.06667,Japan
86808,36.58333,136.63333,Japan
86809,36.95,140.9,Japan
86810,37.4,136.9,Japan
86811,38.03333,138.23333,Japan
86812,38.26667,140.9,Japan
86813,39.65,141.96667,Japan
86814,39.71667,140.1,Japan
86815,40.81667,140.76667,Japan
86816,41.81667,140.75,Japan
86817,42.16667,142.78333,Japan
86818,42.8,140.21667,Japan
86819,42.98333,144.38333,Japan
86820,43.06667,141.33333,Japan
86821,43.33333,145.58333,Japan
86822,43.76667,142.36667,Japan
86823,44.01667,144.28333,Japan
86824,45.41667,141.68333,Japan
86825,16.73333,-169.51667,Johnston Atoll [United States]
86826,43.23333,76.93333,Kazakhstan
86827,43.26667,68.21667,Kazakhstan
86828,44.16667,80.06667,Kazakhstan
86829,44.55,50.25,Kazakhstan
86830,44.85,65.5,Kazakhstan
86831,45.4,56.11667,Kazakhstan
86832,45.76667,62.11667,Kazakhstan
86833,46.16667,80.93333,Kazakhstan
86834,46.78333,61.65,Kazakhstan
86835,46.8,75.08333,Kazakhstan
86836,47.11667,51.91667,Kazakhstan
86837,47.46667,84.86667,Kazakhstan
86838,48.3,69.65,Kazakhstan
86839,48.61667,61.26667,Kazakhstan
86840,48.75,82.36667,Kazakhstan
86841,49.05,51.86667,Kazakhstan
86842,49.06667,54.68333,Kazakhstan
86843,49.66667,49.48333,Kazakhstan
86844,49.8,73.15,Kazakhstan
86845,50.28333,57.15,Kazakhstan
86846,50.33333,83.55,Kazakhstan
86847,50.41667,80.3,Kazakhstan
86848,51.13333,71.41667,Kazakhstan
86849,51.25,51.28333,Kazakhstan
86850,51.81667,68.36667,Kazakhstan
86851,53.2,63.7,Kazakhstan
86852,53.35,75.45,Kazakhstan
86853,54.83333,69.15,Kazakhstan
86854,33.51667,126.53333,Korea - South
86855,34.73333,127.75,Korea - South
86856,34.81667,126.38333,Korea - South
86857,35.1,129.03333,Korea - South
86858,36.03333,129.38333,Korea - South
86859,36.36667,127.36667,Korea - South
86860,37.48333,130.9,Korea - South
86861,37.56667,126.96667,Korea - South
86862,37.75,128.9,Korea - South
86863,37.9,127.73333,Korea - South
86864,29.21667,47.98333,Kuwait
86865,41.43333,75.98333,Kyrgyzstan
86866,42.85,74.53333,Kyrgyzstan
86867,15.11667,105.16667,Laos
86868,15.68333,106.43333,Laos
86869,16.55,104.65,Laos
86870,16.66667,105.0,Laos
86871,17.38333,104.65,Laos
86872,17.95,102.56667,Laos
86873,19.23333,101.73333,Laos
86874,19.88333,102.13333,Laos
86875,55.86667,26.61667,Latvia
86876,56.48333,21.01667,Latvia
86877,56.68333,22.5,Latvia
86878,56.96667,24.03333,Latvia
86879,57.43333,27.03333,Latvia
86880,57.73333,22.58333,Latvia
86881,33.81667,35.48333,Lebanon
86882,33.83333,35.56667,Lebanon
86883,34.45,35.81667,Lebanon
86884,54.63333,25.1,Lithuania
86885,54.88333,23.83333,Lithuania
86886,55.73333,21.06667,Lithuania
86887,55.93333,23.31667,Lithuania
86888,-15.66667,34.96667,Malawi
86889,-999.0,-999.0,Malawi
86890,1.48333,110.33333,Malaysia
86891,2.01667,103.31667,Malaysia
86892,2.25,110.96667,Malaysia
86893,2.26667,102.25,Malaysia
86894,2.45,103.83333,Malaysia
86895,3.2,113.03333,Malaysia
86896,3.46667,102.38333,Malaysia
86897,3.78333,103.21667,Malaysia
86898,4.21667,100.7,Malaysia
86899,4.26667,117.88333,Malaysia
86900,4.56667,101.1,Malaysia
86901,5.3,100.26667,Malaysia
86902,5.3,115.25,Malaysia
86903,5.9,118.06667,Malaysia
86904,5.93333,116.05,Malaysia
86905,6.16667,102.28333,Malaysia
86906,35.85,14.46667,Malta
86907,14.6,-61.0,Martinique [France]
86908,-20.43333,57.68333,Mauritius
86909,-19.68333,63.41667,Mauritius
86910,-16.45,59.61667,Mauritius
86911,-10.43333,56.75,Mauritius
86912,43.58333,104.41667,Mongolia
86913,44.9,110.11667,Mongolia
86914,45.76667,106.28333,Mongolia
86915,45.9,115.36667,Mongolia
86916,46.1,91.63333,Mongolia
86917,46.68333,113.28333,Mongolia
86918,46.83333,98.08333,Mongolia
86919,47.45,101.46667,Mongolia
86920,47.78333,112.11667,Mongolia
86921,48.01667,91.65,Mongolia
86922,48.06667,114.5,Mongolia
86923,48.26667,105.41667,Mongolia
86924,48.53333,101.38333,Mongolia
86925,48.73333,98.28333,Mongolia
86926,48.8,103.55,Mongolia
86927,49.38333,102.7,Mongolia
86928,49.55,114.4,Mongolia
86929,-23.86667,35.38333,Mozambique
86930,-19.8,34.9,Mozambique
86931,-17.88333,36.88333,Mozambique
86932,-16.18333,33.58333,Mozambique
86933,-15.15,39.33333,Mozambique
86934,-13.3,35.23333,Mozambique
86935,-12.98333,40.53333,Mozambique
86936,27.7,85.36667,Nepal
86937,50.91667,5.78333,Netherlands
86938,51.45,3.6,Netherlands
86939,52.1,5.18333,Netherlands
86940,52.26667,6.9,Netherlands
86941,52.91667,4.78333,Netherlands
86942,53.13333,6.58333,Netherlands
86943,-22.26667,166.45,New Caledonia [France]
86944,-52.55,169.15,New Zealand
86945,-46.41667,168.31667,New Zealand
86946,-45.91667,170.18333,New Zealand
86947,-44.51667,169.88333,New Zealand
86948,-43.95,-176.56667,New Zealand
86949,-43.48333,172.53333,New Zealand
86950,-42.7,170.96667,New Zealand
86951,-42.41667,173.68333,New Zealand
86952,-41.3,173.21667,New Zealand
86953,-40.9,174.98333,New Zealand
86954,-39.45,176.85,New Zealand
86955,-39.0,174.16667,New Zealand
86956,-38.65,177.98333,New Zealand
86957,-38.1,176.3,New Zealand
86958,-35.13333,173.25,New Zealand
86959,-29.21667,-177.91667,New Zealand
86960,5.01667,6.95,Nigeria
86961,6.46667,7.55,Nigeria
86962,7.1,4.83333,Nigeria
86963,9.63333,8.85,Nigeria
86964,9.65,6.46667,Nigeria
86965,11.85,13.08333,Nigeria
86966,12.05,8.53333,Nigeria
86967,70.93333,-8.66667,Norway
86968,17.03333,54.08333,Oman
86969,17.66667,54.01667,Oman
86970,20.66667,58.9,Oman
86971,22.53333,59.46667,Oman
86972,23.58333,58.28333,Oman
86973,26.2,56.23333,Oman
86974,25.06667,61.8,Pakistan
86975,25.38333,68.41667,Pakistan
86976,25.51667,69.78333,Pakistan
86977,26.96667,64.1,Pakistan
86978,28.3,68.46667,Pakistan
86979,28.88333,64.4,Pakistan
86980,29.03333,66.58333,Pakistan
86981,30.2,71.43333,Pakistan
86982,31.55,74.33333,Pakistan
86983,31.81667,70.91667,Pakistan
86984,32.93333,73.71667,Pakistan
86985,33.86667,70.08333,Pakistan
86986,34.01667,71.58333,Pakistan
86987,-999.0,-999.0,Pakistan
86988,-999.0,-999.0,Pakistan
86989,-27.31667,-55.86667,Paraguay
86990,-26.83333,-58.28333,Paraguay
86991,-26.66667,-57.11667,Paraguay
86992,-25.45,-54.6,Paraguay
86993,-24.06667,-54.33333,Paraguay
86994,-23.43333,-57.43333,Paraguay
86995,-22.58333,-55.73333,Paraguay
86996,-22.28333,-57.93333,Paraguay
86997,-22.01667,-60.6,Paraguay
86998,-20.21667,-58.16667,Paraguay
86999,-19.53333,-59.36667,Paraguay
87000,-18.05,-70.26667,Peru
87001,-16.33333,-71.56667,Peru
87002,-15.46667,-70.15,Peru
87003,-13.73333,-76.21667,Peru
87004,-13.53333,-71.93333,Peru
87005,-12.01667,-77.11667,Peru
87006,-8.36667,-74.56667,Peru
87007,-8.08333,-79.1,Peru
87008,-6.78333,-79.81667,Peru
87009,-6.5,-76.36667,Peru
87010,-5.2,-80.6,Peru
87011,-3.78333,-73.3,Peru
87012,-3.55,-80.38333,Peru
87013,2.26667,120.33333,Philippines
87014,10.28333,123.95,Philippines
87015,10.7,122.55,Philippines
87016,13.13333,123.73333,Philippines
87017,14.18333,125.0,Philippines
87018,14.51667,121.01667,Philippines
87019,21.3,121.63333,Philippines
87020,22.13333,126.33333,Philippines
87021,27.33333,121.96667,Philippines
87022,35.23333,120.96667,Philippines
87023,47.15,125.48333,Philippines
87024,54.1,122.06667,Philippines
87025,49.3,19.96667,Poland
87026,49.46667,22.35,Poland
87027,50.08333,19.8,Poland
87028,50.43333,16.61667,Poland
87029,50.7,21.71667,Poland
87030,51.1,16.9,Poland
87031,51.21667,18.56667,Poland
87032,51.55,23.53333,Poland
87033,51.93333,15.53333,Poland
87034,52.16667,20.96667,Poland
87035,52.41667,16.83333,Poland
87036,53.05,18.6,Poland
87037,53.1,23.16667,Poland
87038,53.4,14.61667,Poland
87039,54.13333,22.95,Poland
87040,54.16667,19.43333,Poland
87041,54.2,16.15,Poland
87042,37.01667,-7.96667,Portugal
87043,38.01667,-7.86667,Portugal
87044,38.56667,-7.9,Portugal
87045,38.71667,-9.15,Portugal
87046,39.28333,-7.41667,Portugal
87047,39.35,-9.4,Portugal
87048,40.2,-8.41667,Portugal
87049,40.41667,-7.55,Portugal
87050,41.13333,-8.6,Portugal
87051,41.26667,-7.71667,Portugal
87052,41.7,-8.8,Portugal
87053,41.8,-6.73333,Portugal
87054,25.25,51.56667,Qatar
87055,-20.86667,55.51667,Reunion and Associated Islands [France]
87056,46.28333,47.98333,Russia
87057,51.56667,46.03333,Russia
87058,51.7,39.21667,Russia
87059,55.73333,49.2,Russia
87060,55.83333,37.61667,Russia
87061,56.35,30.61667,Russia
87062,58.6,49.63333,Russia
87063,59.23333,39.86667,Russia
87064,59.96667,30.3,Russia
87065,61.01667,36.45,Russia
87066,63.83333,30.81667,Russia
87067,64.5,40.73333,Russia
87068,68.98333,33.11667,Russia
87069,16.88333,42.58333,Saudi Arabia
87070,17.46667,47.1,Saudi Arabia
87071,17.6,44.4,Saudi Arabia
87072,18.21667,42.65,Saudi Arabia
87073,18.28333,42.8,Saudi Arabia
87074,19.98333,42.61667,Saudi Arabia
87075,20.28333,41.63333,Saudi Arabia
87076,20.5,45.21667,Saudi Arabia
87077,21.43333,39.76667,Saudi Arabia
87078,21.46667,40.53333,Saudi Arabia
87079,21.7,39.18333,Saudi Arabia
87080,24.13333,38.05,Saudi Arabia
87081,24.53333,39.68333,Saudi Arabia
87082,24.7,46.73333,Saudi Arabia
87083,25.28333,49.48333,Saudi Arabia
87084,26.2,36.46667,Saudi Arabia
87085,26.25,50.15,Saudi Arabia
87086,26.3,43.76667,Saudi Arabia
87087,27.43333,41.68333,Saudi Arabia
87088,27.9,45.51667,Saudi Arabia
87089,28.31667,46.11667,Saudi Arabia
87090,28.36667,36.6,Saudi Arabia
87091,29.61667,43.48333,Saudi Arabia
87092,29.78333,40.08333,Saudi Arabia
87093,30.9,41.13333,Saudi Arabia
87094,31.4,37.26667,Saudi Arabia
87095,31.68333,38.73333,Saudi Arabia
87096,12.4,-16.75,Senegal
87097,12.55,-16.26667,Senegal
87098,12.56667,-12.21667,Senegal
87099,12.88333,-14.96667,Senegal
87100,13.76667,-13.68333,Senegal
87101,14.13333,-16.06667,Senegal
87102,14.65,-16.23333,Senegal
87103,14.73333,-17.5,Senegal
87104,15.38333,-15.11667,Senegal
87105,15.63333,-13.25,Senegal
87106,16.05,-16.45,Senegal
87107,16.65,-14.93333,Senegal
87108,-4.66667,55.51667,Seychelles
87109,1.36667,103.98333,Singapore
87110,47.86667,18.18333,Slovakia
87111,48.16667,17.2,Slovakia
87112,48.63333,19.13333,Slovakia
87113,48.66667,21.21667,Slovakia
87114,49.06667,20.23333,Slovakia
87115,46.05,14.51667,Slovenia
87116,46.36667,13.86667,Slovenia
87117,46.65,16.13333,Slovenia
87118,-34.0,22.38333,South Africa
87119,-33.98333,18.6,South Africa
87120,-33.98333,25.6,South Africa
87121,-33.03333,27.75,South Africa
87122,-29.96667,30.95,South Africa
87123,-29.1,26.3,South Africa
87124,-28.8,24.76667,South Africa
87125,-28.56667,16.53333,South Africa
87126,-28.4,21.26667,South Africa
87127,-28.25,28.33333,South Africa
87128,-26.15,28.23333,South Africa
87129,-23.86667,29.45,South Africa
87130,36.66667,-4.48333,Spain
87131,36.73333,-6.05,Spain
87132,36.83333,-2.38333,Spain
87133,37.18333,-3.76667,Spain
87134,37.83333,-4.85,Spain
87135,37.98333,-1.11667,Spain
87136,38.28333,-0.55,Spain
87137,38.86667,1.36667,Spain
87138,38.95,-1.85,Spain
87139,38.98333,-3.91667,Spain
87140,39.46667,-6.33333,Spain
87141,39.48333,-0.46667,Spain
87142,39.56667,2.73333,Spain
87143,39.86667,4.21667,Spain
87144,40.06667,-2.13333,Spain
87145,40.35,-1.11667,Spain
87146,40.45,-3.53333,Spain
87147,40.81667,0.48333,Spain
87148,40.93333,-5.48333,Spain
87149,41.28333,2.06667,Spain
87150,41.61667,0.58333,Spain
87151,41.65,-4.76667,Spain
87152,41.65,-1.0,Spain
87153,41.9,2.75,Spain
87154,42.21667,-8.61667,Spain
87155,42.35,-3.61667,Spain
87156,42.45,-2.31667,Spain
87157,42.58333,-5.63333,Spain
87158,43.3,-2.03333,Spain
87159,43.35,-5.86667,Spain
87160,6.11667,81.13333,Sri Lanka
87161,6.9,79.86667,Sri Lanka
87162,8.03333,79.83333,Sri Lanka
87163,8.58333,81.25,Sri Lanka
87164,5.46667,-55.2,Suriname
87165,5.8,-55.18333,Suriname
87166,5.95,-57.03333,Suriname
87167,51.78333,11.88333,Sweden
87168,55.38333,12.81667,Sweden
87169,56.86667,14.8,Sweden
87170,57.66667,18.35,Sweden
87171,57.75,14.06667,Sweden
87172,58.4,19.2,Sweden
87173,59.35,18.05,Sweden
87174,59.45,13.33333,Sweden
87175,60.61667,15.61667,Sweden
87176,60.68333,13.7,Sweden
87177,60.71667,17.16667,Sweden
87178,62.01667,14.18333,Sweden
87179,62.63333,17.95,Sweden
87180,63.2,14.48333,Sweden
87181,63.3,12.13333,Sweden
87182,63.6,20.75,Sweden
87183,65.06667,17.15,Sweden
87184,65.83333,24.15,Sweden
87185,66.88333,18.01667,Sweden
87186,68.41667,18.16667,Sweden
87187,68.45,22.45,Sweden
87188,46.0,8.96667,Switzerland
87189,46.25,6.13333,Switzerland
87190,46.81667,6.95,Switzerland
87191,47.25,9.35,Switzerland
87192,47.38333,8.56667,Switzerland
87193,47.55,7.58333,Switzerland
87194,33.41667,36.51667,Syria
87195,34.55,38.3,Syria
87196,35.31667,40.15,Syria
87197,35.53333,35.76667,Syria
87198,36.18333,37.21667,Syria
87199,37.5,71.5,Tajikistan
87200,37.81667,68.78333,Tajikistan
87201,-10.26667,40.18333,Tanzania
87202,-6.86667,39.2,Tanzania
87203,-2.46667,32.91667,Tanzania
87204,-2.46667,32.91667,Tanzania
87205,6.41667,101.81667,Thailand
87206,6.65,100.08333,Thailand
87207,6.78333,101.15,Thailand
87208,6.91667,100.43333,Thailand
87209,7.2,100.6,Thailand
87210,7.51667,99.61667,Thailand
87211,7.53333,99.05,Thailand
87212,7.88333,98.4,Thailand
87213,8.13333,98.3,Thailand
87214,8.53333,99.93333,Thailand
87215,8.85,98.26667,Thailand
87216,9.13333,99.15,Thailand
87217,9.46667,100.05,Thailand
87218,9.98333,98.61667,Thailand
87219,10.48333,99.18333,Thailand
87220,11.76667,102.88333,Thailand
87221,11.83333,99.83333,Thailand
87222,12.58333,99.95,Thailand
87223,12.61667,101.33333,Thailand
87224,12.61667,102.1,Thailand
87225,12.68333,101.01667,Thailand
87226,12.91667,100.86667,Thailand
87227,13.15,100.06667,Thailand
87228,13.36667,100.98333,Thailand
87229,13.71667,100.55,Thailand
87230,13.81667,100.8,Thailand
87231,13.98333,101.7,Thailand
87232,14.01667,99.53333,Thailand
87233,14.05,101.36667,Thailand
87234,14.46667,100.13333,Thailand
87235,14.58333,102.8,Thailand
87236,14.71667,102.16667,Thailand
87237,14.8,100.61667,Thailand
87238,14.88333,103.5,Thailand
87239,14.96667,102.08333,Thailand
87240,15.25,101.18333,Thailand
87241,15.25,104.86667,Thailand
87242,15.31667,103.66667,Thailand
87243,15.8,100.16667,Thailand
87244,15.8,102.03333,Thailand
87245,16.05,103.68333,Thailand
87246,16.23333,103.06667,Thailand
87247,16.26667,102.45,Thailand
87248,16.43333,101.15,Thailand
87249,16.48333,99.88333,Thailand
87250,16.53333,104.71667,Thailand
87251,16.65,98.55,Thailand
87252,16.76667,101.23333,Thailand
87253,16.78333,100.26667,Thailand
87254,16.88333,99.11667,Thailand
87255,17.15,104.13333,Thailand
87256,17.23333,99.05,Thailand
87257,17.38333,102.8,Thailand
87258,17.41667,100.78333,Thailand
87259,17.45,101.73333,Thailand
87260,17.61667,100.1,Thailand
87261,17.86667,102.71667,Thailand
87262,18.16667,97.93333,Thailand
87263,18.16667,100.16667,Thailand
87264,18.28333,99.51667,Thailand
87265,18.56667,99.03333,Thailand
87266,18.76667,100.76667,Thailand
87267,18.78333,98.96667,Thailand
87268,19.1,100.8,Thailand
87269,19.13333,99.9,Thailand
87270,19.3,97.83333,Thailand
87271,19.4,100.88333,Thailand
87272,19.95,99.86667,Thailand
87273,36.7,30.73333,Turkey
87274,37.13333,38.76667,Turkey
87275,37.2,28.35,Turkey
87276,37.75,30.55,Turkey
87277,37.88333,40.18333,Turkey
87278,38.43333,27.16667,Turkey
87279,38.75,30.53333,Turkey
87280,39.73333,39.5,Turkey
87281,39.75,37.01667,Turkey
87282,39.95,32.88333,Turkey
87283,40.13333,26.4,Turkey
87284,40.18333,29.06667,Turkey
87285,40.96667,29.08333,Turkey
87286,41.28333,36.33333,Turkey
87287,41.36667,33.76667,Turkey
87288,41.66667,26.56667,Turkey
87289,24.25,55.61667,United Arab Emirates
87290,24.43333,54.65,United Arab Emirates
87291,25.1,56.31667,United Arab Emirates
87292,25.25,55.33333,United Arab Emirates
87293,25.33333,55.51667,United Arab Emirates
87294,50.21667,-5.33333,United Kingdom
87295,50.35,-4.11667,United Kingdom
87296,50.78333,-1.83333,United Kingdom
87297,51.15,-0.18333,United Kingdom
87298,51.4,-3.35,United Kingdom
87299,51.48333,-0.45,United Kingdom
87300,52.45,-1.75,United Kingdom
87301,53.18333,-0.51667,United Kingdom
87302,53.25,-4.53333,United Kingdom
87303,53.35,-2.28333,United Kingdom
87304,54.3,-1.53333,United Kingdom
87305,54.65,-6.21667,United Kingdom
87306,55.31667,-3.2,United Kingdom
87307,55.95,-3.43333,United Kingdom
87308,56.5,-6.88333,United Kingdom
87309,57.2,-2.2,United Kingdom
87310,58.21667,-6.33333,United Kingdom
87311,60.13333,-1.18333,United Kingdom
87312,19.71667,-155.06667,United States
87313,20.9,-156.43333,United States
87314,21.15,-157.1,United States
87315,21.33333,-157.91667,United States
87316,21.33333,-157.71667,United States
87317,21.98333,-159.35,United States
87318,24.55,-81.75,United States
87319,25.8,-80.3,United States
87320,25.9,-97.43333,United States
87321,26.68333,-80.11667,United States
87322,27.76667,-97.5,United States
87323,27.96667,-82.53333,United States
87324,28.45,-81.31667,United States
87325,28.85,-96.91667,United States
87326,29.36667,-100.91667,United States
87327,29.53333,-98.46667,United States
87328,29.73333,-85.03333,United States
87329,29.95,-94.01667,United States
87330,29.96667,-95.35,United States
87331,29.98333,-90.25,United States
87332,30.11667,-93.21667,United States
87333,30.28333,-97.7,United States
87334,30.38333,-84.36667,United States
87335,30.46667,-87.2,United States
87336,30.5,-81.7,United States
87337,30.68333,-88.25,United States
87338,31.36667,-100.5,United States
87339,31.61667,-97.21667,United States
87340,31.8,-106.4,United States
87341,31.95,-102.18333,United States
87342,32.13333,-110.93333,United States
87343,32.13333,-81.2,United States
87344,32.21667,-98.18333,United States
87345,32.3,-86.4,United States
87346,32.31667,-90.08333,United States
87347,32.33333,-88.75,United States
87348,32.35,-94.65,United States
87349,32.41667,-99.68333,United States
87350,32.46667,-93.81667,United States
87351,32.66667,-114.6,United States
87352,32.7,-83.65,United States
87353,32.73333,-117.16667,United States
87354,32.9,-97.03333,United States
87355,32.9,-87.25,United States
87356,32.9,-80.03333,United States
87357,33.3,-104.53333,United States
87358,33.36667,-81.96667,United States
87359,33.43333,-112.01667,United States
87360,33.56667,-86.75,United States
87361,33.65,-101.81667,United States
87362,33.65,-84.43333,United States
87363,33.81667,-118.15,United States
87364,33.93333,-118.4,United States
87365,33.95,-83.31667,United States
87366,33.95,-81.11667,United States
87367,33.96667,-98.48333,United States
87368,34.26667,-88.76667,United States
87369,34.43333,-119.83333,United States
87370,34.65,-86.76667,United States
87371,34.75,-118.73333,United States
87372,34.83333,-92.26667,United States
87373,34.9,-82.21667,United States
87374,34.93333,-120.41667,United States
87375,35.01667,-110.73333,United States
87376,35.03333,-85.2,United States
87377,35.05,-106.61667,United States
87378,35.05,-90.0,United States
87379,35.16667,-79.01667,United States
87380,35.21667,-80.93333,United States
87381,35.23333,-101.7,United States
87382,35.26667,-75.55,United States
87383,35.33333,-94.36667,United States
87384,35.4,-97.6,United States
87385,35.41667,-119.05,United States
87386,35.43333,-82.55,United States
87387,35.81667,-83.98333,United States
87388,35.86667,-78.78333,United States
87389,36.08333,-115.16667,United States
87390,36.08333,-79.95,United States
87391,36.11667,-86.68333,United States
87392,36.2,-95.9,United States
87393,36.61667,-116.01667,United States
87394,36.73333,-91.83333,United States
87395,36.78333,-119.71667,United States
87396,36.88333,-93.9,United States
87397,36.9,-76.2,United States
87398,37.06667,-88.76667,United States
87399,37.08333,-76.35,United States
87400,37.23333,-93.38333,United States
87401,37.31667,-79.96667,United States
87402,37.33333,-79.2,United States
87403,37.36667,-118.36667,United States
87404,37.45,-105.86667,United States
87405,37.5,-77.33333,United States
87406,37.61667,-122.38333,United States
87407,37.61667,-114.51667,United States
87408,37.65,-97.43333,United States
87409,37.76667,-99.96667,United States
87410,37.78333,-81.11667,United States
87411,37.9,-121.25,United States
87412,38.03333,-84.6,United States
87413,38.05,-87.53333,United States
87414,38.18333,-85.73333,United States
87415,38.28333,-104.51667,United States
87416,38.36667,-82.55,United States
87417,38.36667,-81.6,United States
87418,38.51667,-121.5,United States
87419,38.65,-88.96667,United States
87420,38.68333,-104.76667,United States
87421,38.75,-90.36667,United States
87422,38.81667,-104.71667,United States
87423,38.81667,-92.21667,United States
87424,38.85,-77.03333,United States
87425,38.88333,-79.85,United States
87426,38.95,-77.45,United States
87427,39.05,-84.66667,United States
87428,39.06667,-95.63333,United States
87429,39.1,-108.55,United States
87430,39.18333,-103.7,United States
87431,39.18333,-76.66667,United States
87432,39.28333,-114.85,United States
87433,39.31667,-94.71667,United States
87434,39.36667,-101.7,United States
87435,39.45,-74.56667,United States
87436,39.5,-119.78333,United States
87437,39.55,-97.65,United States
87438,39.73333,-86.26667,United States
87439,39.76667,-104.86667,United States
87440,39.85,-89.68333,United States
87441,39.88333,-75.25,United States
87442,39.9,-84.2,United States
87443,40.0,-82.88333,United States
87444,40.15,-122.25,United States
87445,40.25,-93.71667,United States
87446,40.3,-109.98333,United States
87447,40.5,-122.3,United States
87448,40.5,-80.21667,United States
87449,40.65,-75.43333,United States
87450,40.65,-73.78333,United States
87451,40.66667,-89.68333,United States
87452,40.7,-74.16667,United States
87453,40.73333,-114.03333,United States
87454,40.76667,-73.9,United States
87455,40.78333,-111.95,United States
87456,40.8,-124.16667,United States
87457,40.85,-96.75,United States
87458,40.9,-117.8,United States
87459,40.91667,-81.43333,United States
87460,40.96667,-98.31667,United States
87461,41.0,-85.2,United States
87462,41.13333,-100.68333,United States
87463,41.15,-104.81667,United States
87464,41.16667,-73.13333,United States
87465,41.25,-80.66667,United States
87466,41.25,-76.91667,United States
87467,41.3,-95.9,United States
87468,41.33333,-75.73333,United States
87469,41.36667,-96.01667,United States
87470,41.41667,-81.86667,United States
87471,41.43333,-90.5,United States
87472,41.53333,-93.65,United States
87473,41.6,-83.8,United States
87474,41.66667,-69.96667,United States
87475,41.73333,-71.43333,United States
87476,41.78333,-87.75,United States
87477,41.86667,-103.6,United States
87478,41.88333,-91.7,United States
87479,41.93333,-72.68333,United States
87480,41.98333,-97.43333,United States
87481,42.0,-87.88333,United States
87482,42.08333,-80.18333,United States
87483,42.2,-89.1,United States
87484,42.21667,-75.98333,United States
87485,42.21667,-71.11667,United States
87486,42.23333,-83.33333,United States
87487,42.36667,-71.03333,United States
87488,42.38333,-122.88333,United States
87489,42.4,-96.38333,United States
87490,42.4,-90.7,United States
87491,42.55,-110.11667,United States
87492,42.55,-92.4,United States
87493,42.75,-73.8,United States
87494,42.76667,-84.6,United States
87495,42.81667,-108.73333,United States
87496,42.86667,-100.55,United States
87497,42.88333,-85.51667,United States
87498,42.91667,-112.6,United States
87499,42.91667,-106.46667,United States
87500,42.93333,-78.73333,United States
87501,42.95,-87.9,United States
87502,42.96667,-83.75,United States
87503,43.11667,-76.11667,United States
87504,43.13333,-89.33333,United States
87505,43.13333,-77.66667,United States
87506,43.16667,-95.15,United States
87507,43.16667,-86.23333,United States
87508,43.2,-71.5,United States
87509,43.56667,-116.21667,United States
87510,43.56667,-96.73333,United States
87511,43.58333,-118.95,United States
87512,43.65,-70.3,United States
87513,43.86667,-91.25,United States
87514,43.91667,-92.5,United States
87515,44.05,-103.06667,United States
87516,44.11667,-123.21667,United States
87517,44.26667,-71.3,United States
87518,44.36667,-84.68333,United States
87519,44.38333,-98.21667,United States
87520,44.46667,-73.15,United States
87521,44.48333,-88.13333,United States
87522,44.76667,-106.96667,United States
87523,44.88333,-93.21667,United States
87524,44.91667,-123.0,United States
87525,44.91667,-67.0,United States
87526,44.93333,-72.2,United States
87527,45.06667,-83.56667,United States
87528,45.45,-98.43333,United States
87529,45.58333,-94.18333,United States
87530,45.6,-122.6,United States
87531,45.68333,-118.85,United States
87532,45.75,-87.03333,United States
87533,45.8,-108.53333,United States
87534,45.93333,-90.45,United States
87535,46.15,-123.88333,United States
87536,46.38333,-117.01667,United States
87537,46.43333,-105.86667,United States
87538,46.46667,-84.35,United States
87539,46.53333,-87.55,United States
87540,46.56667,-120.53333,United States
87541,46.6,-112.0,United States
87542,46.76667,-100.75,United States
87543,46.83333,-92.18333,United States
87544,46.86667,-68.01667,United States
87545,46.9,-96.8,United States
87546,46.91667,-114.08333,United States
87547,46.96667,-122.9,United States
87548,47.16667,-88.5,United States
87549,47.45,-122.3,United States
87550,47.48333,-111.36667,United States
87551,47.5,-94.93333,United States
87552,47.63333,-117.53333,United States
87553,47.95,-124.55,United States
87554,48.15,-103.61667,United States
87555,48.21667,-106.61667,United States
87556,48.3,-114.26667,United States
87557,48.55,-109.76667,United States
87558,48.56667,-93.38333,United States
87559,51.88333,-176.65,United States
87560,52.71667,174.1,United States
87561,55.03333,-131.56667,United States
87562,55.2,-162.71667,United States
87563,56.48333,-132.36667,United States
87564,56.81667,-132.96667,United States
87565,57.06667,-135.35,United States
87566,57.15,-170.21667,United States
87567,57.75,-152.5,United States
87568,58.36667,-134.58333,United States
87569,58.4,-135.73333,United States
87570,58.68333,-156.65,United States
87571,59.05,-158.51667,United States
87572,59.51667,-139.66667,United States
87573,59.63333,-151.5,United States
87574,59.75,-154.91667,United States
87575,60.11667,-149.45,United States
87576,60.5,-145.5,United States
87577,60.56667,-151.25,United States
87578,60.78333,-161.8,United States
87579,61.13333,-146.35,United States
87580,61.16667,-150.01667,United States
87581,61.25,-149.8,United States
87582,62.1,-152.75,United States
87583,62.15,-145.45,United States
87584,62.3,-150.1,United States
87585,62.96667,-155.61667,United States
87586,62.96667,-141.93333,United States
87587,63.88333,-160.8,United States
87588,64.0,-145.73333,United States
87589,64.5,-165.43333,United States
87590,64.55,-149.08333,United States
87591,64.81667,-147.86667,United States
87592,65.16667,-152.1,United States
87593,65.25,-166.86667,United States
87594,65.61667,-168.05,United States
87595,66.86667,-162.63333,United States
87596,66.91667,-151.51667,United States
87597,69.36667,-152.13333,United States
87598,71.3,-156.78333,United States
87599,-34.83333,-56.0,Uruguay
87600,-34.5,-55.31667,Uruguay
87601,-34.45,-50.1,Uruguay
87602,-33.21667,-54.38333,Uruguay
87603,-32.8,-56.53333,Uruguay
87604,-32.36667,-54.2,Uruguay
87605,-32.33333,-58.03333,Uruguay
87606,-31.4,-57.96667,Uruguay
87607,-30.9,-55.55,Uruguay
87608,-30.4,-56.51667,Uruguay
87609,39.63333,66.95,Uzbekistan
87610,40.73333,72.31667,Uzbekistan
87611,41.33333,69.3,Uzbekistan
87612,42.95,59.8,Uzbekistan
87613,4.6,-61.11667,Venezuela
87614,5.6,-67.5,Venezuela
87615,7.23333,-70.8,Venezuela
87616,7.3,-61.45,Venezuela
87617,7.86667,-72.45,Venezuela
87618,7.88333,-67.43333,Venezuela
87619,8.15,-63.55,Venezuela
87620,8.6,-71.18333,Venezuela
87621,8.61667,-70.21667,Venezuela
87622,8.63333,-71.65,Venezuela
87623,8.93333,-67.41667,Venezuela
87624,9.01667,-69.73333,Venezuela
87625,9.01667,-62.61667,Venezuela
87626,9.21667,-66.01667,Venezuela
87627,9.35,-70.61667,Venezuela
87628,9.41667,-66.91667,Venezuela
87629,9.55,-69.23333,Venezuela
87630,9.75,-63.18333,Venezuela
87631,9.81667,-70.93333,Venezuela
87632,9.91667,-67.33333,Venezuela
87633,10.06667,-69.31667,Venezuela
87634,10.11667,-64.68333,Venezuela
87635,10.16667,-67.93333,Venezuela
87636,10.25,-67.65,Venezuela
87637,10.3,-68.23333,Venezuela
87638,10.45,-64.11667,Venezuela
87639,10.56667,-71.73333,Venezuela
87640,10.58333,-62.31667,Venezuela
87641,10.6,-66.98333,Venezuela
87642,10.91667,-63.96667,Venezuela
87643,11.41667,-69.68333,Venezuela
87644,-13.23333,-176.16667,Wallis and Futuna [France]
